Page,Query,Clicks,Impressions,CTR,Position
https://dottopia.com/,dottopia,21,58,36.21,1.81
https://dottopia.com/,dotopia,2,69,2.9,4.35
https://dottopia.com/ar/%D9%85%D8%B9%D8%A7%D9%8A%D9%8A%D8%B1-%D9%82%D9%8A%D8%A7%D8%B3-%D8%A7%D9%84%D8%A3%D8%AF%D8%A7%D8%A1-%D8%A7%D9%84%D8%AA%D8%B3%D9%88%D9%8A%D9%82%D9%8A/,مؤشرات قياس الأداء التسويقي pdf,2,5,40.0,10.2
https://dottopia.com/types-of-digital-communication-channels/,canales digitales de comunicación,2,14,14.29,2.79
https://dottopia.com/types-of-digital-communication-channels/,digital communication channels,2,177,1.13,3.67
https://dottopia.com/what-is-digital-communication-strategy/,communication strategies that encourage digital connections,2,126,1.59,10.91
https://dottopia.com/,performance marketing agency,1,1,100.0,52.0
https://dottopia.com/ar/%D8%A7%D9%81%D8%B6%D9%84-%D8%A7%D8%AF%D8%A7%D9%87-%D9%84%D9%81%D8%AD%D8%B5-%D8%B3%D9%8A%D9%88-%D9%85%D9%88%D9%82%D8%B9%D9%83/,فحص موقعي,1,2,50.0,42.0
https://dottopia.com/types-of-digital-communication-channels/,7 channels of communication,1,669,0.15,5.65
https://dottopia.com/types-of-digital-communication-channels/,digital communications,1,104,0.96,1.0
https://dottopia.com/types-of-digital-communication-channels/,type of communication channel,1,11,9.09,12.18
https://dottopia.com/types-of-digital-communication-channels/,types of channel in communication,1,55,1.82,5.36
https://dottopia.com/types-of-digital-communication-channels/,types of digital communication,1,206,0.49,7.58
https://dottopia.com/what-is-digital-communication-strategy/,describe communication strategies that encourage digital connections. include the following: how does each strategy encourage digital connections? does each strategy work all the time? why or why not?,1,51,1.96,2.31
https://dottopia.com/what-is-digital-communication-strategy/,digital communication strategy,1,476,0.21,9.29
https://dottopia.com/what-is-digital-communication-strategy/,digital marketing communication plan,1,3,33.33,22.33
https://dottopia.com/what-is-digital-communication-strategy/,how does each strategy encourage digital connections?,1,30,3.33,1.0
https://dottopia.com/what-is-digital-communication-strategy/,what is digital communication strategy,1,94,1.06,1.4
https://dottopia.com/,advertising agencies,0,1,0.0,93.0
https://dottopia.com/,advertising agency cairo,0,1,0.0,88.0
https://dottopia.com/,advertising agency egypt,0,1,0.0,95.0
https://dottopia.com/,arabic digital marketing agency,0,1,0.0,99.0
https://dottopia.com/,arma group egypt,0,1,0.0,44.0
https://dottopia.com/,best digital marketing agencies in egypt,0,1,0.0,89.0
https://dottopia.com/,best digital marketing agency egypt,0,1,0.0,93.0
https://dottopia.com/,companies marketing,0,1,0.0,105.0
https://dottopia.com/,digital advertising,0,1,0.0,4.0
https://dottopia.com/,digital agency egypt,0,1,0.0,96.0
https://dottopia.com/,digital marketing agency italy food,0,12,0.0,82.75
https://dottopia.com/,dot advertising agency,0,1,0.0,42.0
https://dottopia.com/,fintech advertising agency,0,16,0.0,10.69
https://dottopia.com/,influencers marketing agency toys italy,0,3,0.0,79.0
https://dottopia.com/,leadin top,0,2,0.0,8.5
